country_1,country_2
1.0,1.0
0.9997135066874282,0.9996058786775774
1.0106009699120975,0.9880556729290162
1.0216236686063198,0.9780180547104296
1.0193247887639871,0.9820388605328586
1.010775262480866,0.992978301831229
1.00605069252797,0.9973051287824578
1.0140860818743178,0.9881560305628
1.0295854640517694,0.970058760521912
1.0385139220574071,0.9598261318653812
1.0370006584182692,0.9598985739115689
1.0296647152023577,0.9676304904397928
1.0313525029320847,0.9681977436911599
1.0316396740939613,0.9702059773557744
1.0328790920245878,0.9696546086398696
1.0230615079088556,0.9804801398692196
1.0265655328496306,0.9795406769539362
1.0158695223708807,0.9897845633609568
1.0109150012356367,0.9952232657747738
1.0285436119374127,0.9759223866362802
1.0355718897510946,0.9646886329968658
1.0366510024235147,0.960559557553293
1.0263374673559833,0.9662449921215284
1.0263900473656062,0.9601646055784056
1.0263960491975057,0.952526293893219
1.0213931904201343,0.948805661520668
1.0154072728057266,0.9447319523968885
1.0173197202638824,0.9361680141315138
1.0193634770438456,0.926242733746972
1.0259519732850213,0.913642607055812
1.0288799133486537,0.9085050802662824
1.0281397566881947,0.9081817872244462
1.0238420611016696,0.9111414894446618
1.0225643518413288,0.9148165198787636
1.019983505206208,0.9215284758692636
1.0350575606664705,0.90956775543027
1.0379127854370498,0.9091269794955356
1.0430634976607642,0.9023232542050954
1.0346343996872795,0.9076357198854176
1.0351774147163288,0.90630932358947
1.0263505934286195,0.9104675212701204
1.019789149302861,0.9138008884135516
1.0143258193816873,0.9169589264587916
1.0181388130578513,0.9127575775730562
1.026692417536205,0.904211177274404
1.0224257328003998,0.9096817712977328
1.0179491736126722,0.9150848509697552
1.0183435327106305,0.9156295305710048
1.0167048161291032,0.917982918166367
1.0002128749187766,0.9350869671279504
1.0011257833106375,0.9340259243803256
1.0059704799263651,0.9297768869167928
1.0021196066656628,0.9344126308723002
0.998295904155458,0.9406597399140314
1.0030191409775755,0.9396187211176295
1.0018937210762056,0.9434694026450592
0.999487081759803,0.9513612029190666
1.012650310773067,0.9433202270251582
1.0216399069391615,0.936206413793096
1.0185157763983956,0.937483634400056
1.0176658906555418,0.935377883395273
1.0151517784318098,0.9347288838237842
1.013648988987912,0.9336048243168326
1.0068526668566815,0.9383793799657612
1.004817322815013,0.939654768347447
1.004610310844182,0.939607414409418
0.9989667273807094,0.9477539302683712
0.9997124155290494,0.9467970243233454
1.001094760529602,0.9470666797358644
1.0027648092914725,0.9476065884827666
1.0095429699055607,0.9431335366054115
1.0181911771885084,0.9368927629273792
1.025899336843715,0.9326593432830088
1.018931670912184,0.942812795964836
1.0165613652643046,0.949664858387044
1.0162471136849776,0.9557713787490746
1.0210147128416072,0.9553966289899944
1.0286090480842502,0.954568959737618
1.0321463989847999,0.9588427847016108
1.036811618272889,0.9622047273012698
1.0457593255621267,0.9622027939580418
1.0463326527440115,0.9684802604546248
1.052652940477208,0.9666552622488128
1.0481236644002414,0.9743396130782846
1.041072013589187,0.9836541973590937
1.0434081241645032,0.985302896374709
1.0566745709935517,0.9734523312871076
1.0671999829101944,0.9661897392969327
1.065999676369677,0.9706108582037563
1.0753461530551967,0.9618007734480464
1.0750469942293428,0.964534321581004
1.0754326602674047,0.962260421533196
1.0813542364037363,0.956437875181668
1.07215324254594,0.9680459770712736
1.055970556525998,0.9821736489231404
1.038460103166012,0.9956964185227156
1.0279606563504533,1.0039860673889016
1.0167655429472808,1.0158715735739674
1.0092330270038388,1.0234013818142695
1.011062965445131,1.0212779990229408
1.0138850598452986,1.0208633880140767
1.0051652238951256,1.0312036214054023
0.9984113196357768,1.043627401193095
1.0044781575103323,1.0440540573126664
1.00307248279044,1.0505428923834916
1.0152224255916191,1.0436719483778938
1.0232901395106944,1.0373158728463674
1.0239783594046192,1.0384696593950855
1.0060385504346816,1.0550929259264321
0.9887197324170222,1.0727533865035
0.9879870082241252,1.0735968108687735
0.9827157271310942,1.080020603230531
0.9828256897807646,1.0818072809506687
0.984430826612084,1.0836493092889155
0.9980158515681882,1.0734051325957408
1.0168237979967452,1.058255338367149
1.021071603047869,1.054836115974668
1.0189259082598368,1.059241285602976
1.0247866797675602,1.0582853529643976
1.032675430683477,1.0557436875564683
1.0430470026002103,1.0479807326110295
1.048440848168942,1.048201525463522
1.0436084185414858,1.0593774414839632
1.038030411152023,1.0712617588869209
1.0469959543266778,1.0669781485457368
1.0508199464949397,1.0652975382897971
1.0565909588126925,1.0633448070835263
1.0591349388362965,1.0633708832198057
1.0530499896743373,1.0682781514582476
1.0528762218932963,1.0661200916035876
1.0540898303894402,1.063826913941797
1.0547247637574937,1.063354766222212
1.0693568031621634,1.0499430179635767
1.0730087505913435,1.0456135512206783
1.074057102386818,1.0454360014007693
1.0770541382962522,1.0431511779218696
1.0785674340175526,1.039534235472945
1.085559566917621,1.0311254391169495
1.087581273197456,1.026473817549756
1.1014504470293118,1.0091657645334888
1.110818007524928,0.9944400104546522
1.107997910515579,0.9923710248997822
1.1022376842146087,0.9927784734590828
1.0959323173037314,0.992586989986713
1.0906538962636712,0.991555603842957
1.0781535642946627,0.9971902773074238
1.0746883940023735,0.993643741242547
1.0747253685967213,0.988147397227836
1.0792825114249902,0.9778608136352523
1.0852447933999174,0.9635494746523902
1.0767413805800334,0.9644294068860524
1.0686328852562783,0.9622349647265178
1.0611924881350219,0.9554725123545572
1.0656661285767917,0.9406948623741606
1.0674317218850367,0.9288510760693478
1.059467345522672,0.9232935573771076
1.0482361167004957,0.9222781124856104
1.0352113933226899,0.9232396750537448
1.0294716588813437,0.9163834457987368
1.0246197755528523,0.9083755592948862
1.007368652151316,0.9156780673579616
0.9897056803176328,0.922319416411158
0.983641093361861,0.9157369588214272
0.9723458356796066,0.9103165734812024
0.9666433349089274,0.9011364636146664
0.9623300883977336,0.890813279085735
0.9617410650551284,0.8788831407988033
0.9611204708587032,0.8674450128185357
0.9575427906815716,0.8629638678379418
0.9523745051817636,0.8647071901263923
0.9415120772637694,0.8718757731737974
0.9351956352930242,0.8762833261379711
0.9367572221309096,0.8756568436177162
0.9308933107973324,0.8822310906184138
0.932437629081304,0.8814603147880663
0.9276580960435126,0.8875291257763354
0.9251480360620598,0.8938679134836541
0.938670306186771,0.8835707598056965
0.9438804254239782,0.8808526940855137
0.9469599463763472,0.8793207567625363
0.9545785074342248,0.8753934858278275
0.952630550387072,0.8836256907581761
0.9593160157664704,0.8847922915500762
0.9659119127952146,0.8884099333579994
0.9747966853847098,0.892787859088579
0.9833814639521626,0.8965761087285695
0.9968943615611368,0.89289196859515
0.9893835372666407,0.9126521475502752
0.990985160527415,0.9222094545556788
0.993979103846614,0.9281830342035896
0.9971918324294466,0.9341807009147248
0.9913843594571428,0.9489219804384154
0.98423669151357,0.964035692729655
0.9826511382586084,0.973113818772868
0.9802262239923156,0.9848786748738508
0.9814635043883067,0.9952966322556308
0.9880826303739084,0.9979520358535277
0.985380371538806,1.0067972480359688
0.996445816087026,1.0072993212397443
1.0074277917936842,1.0034931178101407
1.015892162756772,1.000056565447336
1.0112229580900507,1.007965487354166
1.011893342637099,1.008899497584001
1.0098298541915107,1.0120537781966383
1.017017446427796,1.007029981194765
1.0160862075760884,1.0084580375062016
1.0067307905468774,1.0176930072475592
1.0061617100818856,1.0146980780103532
0.9901396489391834,1.0292992553002505
0.9846193586680148,1.0325272892881423
0.9851688774897794,1.0289155915456143
0.9975760260940474,1.0138079658054717
1.0062660401034367,1.0050388924197373
1.0152944547521818,0.9938912036117374
1.0063590010945205,1.0018935455823663
1.0061491488190155,1.0000539434362807
1.0002950151570575,1.0052851106961416
1.0167199261368565,0.9886643825374126
1.026286156059249,0.9790489532490452
1.0318570298680687,0.973349108217141
1.0377706505986664,0.9708639065419667
1.0345529542529832,0.9751015258856472
1.043769469654062,0.9681823392974948
1.0401874660250536,0.9733311893460872
1.04278076410546,0.9717239161464226
1.0328306189965364,0.9837116557988204
1.0415099193189492,0.9795014543415912
1.0389765672903444,0.9841770735619008
1.0404364092020657,0.984732681335198
1.0399594888189294,0.9874842325314424
1.0433734845673355,0.987702329673771
1.0452949421840612,0.9880087198787898
1.0461476967842065,0.987433511121465
1.0440205733159587,0.9889947335994672
1.0482770567869937,0.9846660547715668
1.0457291222866996,0.9874834661949764
1.0493742162616957,0.984590843858672
1.0502572212842607,0.9817382482157913
1.0579403681707376,0.9753073033887318
1.0687936202816584,0.9664549252586164
1.0651046229577656,0.96848725792528
1.0735834663069657,0.9579521590959208
1.0736379049274023,0.9543296712060576
1.0646770193954835,0.9584036252159096
1.0539126293152157,0.964427560377755
1.0566873705127167,0.9597101316894384
1.0606994878710723,0.9541939594469016
1.058970933961156,0.9539726442827718
1.0496070953864218,0.9594138340961098
1.0509671815423471,0.9520375312744148
1.0592581387024622,0.9394447039032654
1.0564585882180135,0.9395201672068184
1.0476091295301002,0.9452702659788552
1.047174535341436,0.9439732697337648
1.0543514922338573,0.9384240467929832
1.0478840753688397,0.9448260265371456
1.0619366836623303,0.935325552212292
1.0633862635326983,0.9383748662004912
1.0701869996139974,0.9365362307179989
1.0728928921336465,0.9383030561660198
1.0644953587324162,0.9477287776711512
1.0665379770417065,0.9475162037072684
1.0594673352404158,0.956797775506227
1.065277591838799,0.9542865571829184
1.0543107659205753,0.9651595501126434
1.0578095635771303,0.9627225372880654
1.0492551886969623,0.9686102344812926
1.0412544084093693,0.9752090372506632
1.0340054508143404,0.9825746976533644
1.0249494818613114,0.9912485274781678
1.0154753755672754,0.9999635015250514
1.017511456296037,0.9980975089512414
1.0158430632382325,0.9978404598618718
1.0184824039313138,0.9909411146506644
1.0179703317879278,0.9842416317436647
1.0079640035445063,0.990615686817416
1.0090579675604008,0.9868023993884628
1.0041621487461374,0.9918599743888148
1.0045893779423551,0.9889369815256128
0.999566786665146,0.9903822477678365
0.9829782632954508,1.0041026515030462
0.9787474730936035,1.0057218713519112
0.9798048665018736,1.0030247376842407
0.9787670024796024,1.0022430651728351
0.9659754033228488,1.0108245796698163
0.9620360307149928,1.0134893429055165
0.9660963390704642,1.0075208351220524
0.9663535440785253,1.0062422422540322
0.9706563443333788,0.999578597160621
0.9652413038698242,1.0051427785636227
0.9717685427871494,0.9981155831244044
0.9660100312907,1.0047813840592055
0.9635175471917826,1.0102850346340908
0.9756185080216394,1.0013585551926183
0.9836397559356952,0.9970701307385857
0.9873872788943336,1.000108311491186
0.9897294652741337,1.002645691376104
1.0032253441387367,0.993801701255805
1.0017518425835903,1.000584339813266
1.0199264479989247,0.9900119169990792
1.0214549008228806,0.99657941621707
1.0196475983808024,1.006010408857243
1.0213309256015206,1.012885960176094
1.0260118872889352,1.018146049969029
1.0390239585133356,1.0143766072783955
1.0455754670557627,1.017369542340103
1.0422644217713743,1.0264642242966855
1.041418431426957,1.0339971276008486
1.0349607630072375,1.044174228709538
1.0333001014987646,1.0488708980669224
1.0438695763100352,1.04225072122355
1.0471008937743442,1.0410408727113944
1.0465995529402647,1.046066327486119
1.0538350952365962,1.044362853143506
1.0510105019665976,1.0509717626878243
1.0526783865337155,1.053258326250836
1.0601517098068067,1.0473848049580043
1.0639309321183776,1.0454737625745054
1.062511201211724,1.049077587016703
1.062551185301285,1.0521645499238828
1.0576686723594468,1.0572178030511714
1.0489324515329517,1.0625585777049051
1.044866002421872,1.0638333133810611
1.043472527681162,1.065527519753427
1.0489958345855075,1.0599902559436143
1.0461592601986447,1.0651163988731838
1.0432153638746495,1.0691524581284044
1.0413400483078463,1.0712123150763777
1.047751418558254,1.0673056863514965
1.0609634836829511,1.0553561413056074
1.0594407864089657,1.0575967196148934
1.0574713148453103,1.0589377460657765
1.0504511707715647,1.0667443995246169
1.048791343717488,1.0670362788636196
1.0470033693299157,1.0642527920895095
1.0453068443903297,1.060837721850319
1.0513609785615945,1.0517243089316346
1.0580906948660707,1.0418850131581374
1.0712273230113492,1.0247952285062074
1.0700335311051488,1.0191499477081793
1.0730956074507583,1.0132099739525058
1.0770153929430948,1.0076576747933623
1.0807164437805847,1.004446231196457
1.0843472508585332,1.0003185615274703
1.0925882507009588,0.9908456891708112
1.0942595277354568,0.9862232672334704
1.10025607118524,0.9815212193412596
1.1034072029530766,0.980775195307202
1.114603706426583,0.9751305638244084
1.115641695548569,0.9791712193931416
1.1105101200109053,0.9881834322787248
1.106600134266116,0.9991638521401504
1.1060213205245104,1.0043284671664967
1.1077010490894914,1.006903045558759
1.104593836573212,1.0131997236052157
1.1092179394717283,1.0111608261324607
1.111203637449099,1.0111333033799983
1.1180064302509016,1.0084261566629746
1.1093588857372247,1.0174474842600574
1.095097952339859,1.033354625433084
1.0911293228317696,1.0370029570623729
1.0922572258538663,1.0362882559775004
1.093196444121536,1.038313355563564
1.0987317361324025,1.036164714937556
1.0944366993680363,1.0433200776608345
1.0918644257932213,1.0475962672587447
1.0995307860318555,1.039029638542006
1.0996123772413815,1.0379423111515484
1.090568961230867,1.0466633005327983
1.0814951011576115,1.0556380398674037
1.0764411465671975,1.0637168569899587
1.074745044144819,1.0676726039576423
1.072354909632817,1.0696544556221186
1.06482882427542,1.0759028102399875
1.061692708451899,1.076703245931036
1.0685263649834131,1.0661025376204056
1.0789765279775927,1.053331746638709
1.0860907472163226,1.0435005522722662
1.0825540451011737,1.0469642731398832
1.07650997614438,1.05283386518866
1.075258046523287,1.0533909578998106
1.063502123726881,1.0632998813808703
1.063691963073316,1.0605842270091417
1.075292978709277,1.046545731566562
1.076098742914908,1.0427164961536664
1.0726338322774018,1.0420015458593483
1.074009535797875,1.0342458014284313
1.0801815262727388,1.0222984259578216
1.071321585315658,1.0268850303056345
1.0620066056959527,1.034930375041842
1.0502750667031042,1.0431141167487576
1.0458722248131518,1.0408233332004826
1.0426538194116133,1.035993985522377
1.0437352885984819,1.0278200661919576
1.0357765511666837,1.032798719849284
1.022029926571826,1.0435239253317388
1.0061152837693115,1.0514295934333548
0.9989829749582264,1.050797375780422
1.0052585155136442,1.0349586981647105
1.0047271190744775,1.0259845161938344
0.9992408436751195,1.0230225909631039
0.993565612254919,1.0195840922037187
0.994448213907513,1.0139381517991628
1.004278933746994,1.00081381095843
1.0027211528256403,1.0007543509514034
0.9987780924987476,1.0041003653667024
0.9999493489657116,1.0035077369937146
0.9999043285693464,1.0071480954999361
0.9947290003570204,1.014120917851228
0.9872352431052298,1.0206412551134696
0.9850109580225423,1.0215881919016208
0.9859345778918592,1.0223252713377016
0.9912910508741588,1.0169597422265804
0.9891583267123392,1.0183304838816296
0.9877608614715055,1.018900399892006
0.9893012267270264,1.018594563331175
0.9810997987078653,1.030472363390274
0.9730069704960564,1.039494089920853
0.977359729141002,1.0366100235840352
0.9797714641493532,1.0351413516675139
0.9923730506684912,1.0255261965063651
0.992447505803346,1.0298957982786676
0.9949837535353848,1.0307928865564648
0.9879808366309004,1.0442287130989056
0.9815773756187904,1.0563905929399064
0.9853947362256412,1.0585752056509679
0.9799000112867084,1.0704792816438287
0.9840844217992564,1.0724860574139568
0.9910505333298316,1.0718043986520238
0.9953327878547849,1.0752934563930263
0.9930743182560274,1.085539147898827
0.9955220217849812,1.0934805333025288
1.0041223225996827,1.0941501002828362
1.0166725161809662,1.09257152333907
1.0223525529004762,1.095750171392587
1.0309942249788473,1.095335220697652
1.0240244855741567,1.1123070461861255
1.0246961812956286,1.1212567277627619
1.0199528298630272,1.1351265743003487
1.016528359105768,1.1454487785952614
1.0173348892787795,1.1507236645112122
1.0113050054288295,1.16392524538095
1.0037282497573754,1.1774922109436663
0.9998197035368932,1.1886242995168668
1.003347091832085,1.191205814836028
1.0010804123449086,1.1981832256180536
0.9907951236286808,1.2134996131556675
0.9898180428019202,1.2171816845000951
0.9903058325931866,1.2205480999544425
1.003421740256297,1.211569970497287
1.0053496317184751,1.2118529243333551
1.0080752793186547,1.2100128884181685
1.0103815658429016,1.2079315857842887
1.0160572304419355,1.2025348209806215
1.0113249513891418,1.2059191020112445
1.0097681457416987,1.2063402250000175
1.0106622694122702,1.2078762764255897
1.0215100380571713,1.1981392895473617
1.025748498612498,1.1966813701375836
1.026571664803332,1.1977699064467575
1.0298887402026544,1.1964161517953071
1.0249341510006131,1.2046902445188528
1.0099886266502223,1.223196704732156
1.006330920043764,1.2340809029762871
1.0134090584581543,1.233473546216788
1.0245576319619503,1.2291818772859344
1.0434141472545644,1.2138447901642806
1.0505610245029706,1.209811770747104
1.0417718807845415,1.2193372720960514
1.0345139983203215,1.2259927392851344
1.0308914535958593,1.2287367303833507
1.0321293848971682,1.227774663785512
1.0431304833064035,1.215150158268376
1.0514271133065831,1.2037186194006282
1.0551429509399426,1.1978480386792807
1.044864452057371,1.2040284783373327
1.041859484026725,1.2035941430808734
1.0490726519312144,1.1918338682712988
1.0513089268982014,1.1837036630611504
1.042833749752621,1.1859361339568006
1.0389172472956723,1.1852002188763133
1.0324420173238151,1.1867402291889393
1.0467397821239075,1.1691843309186312
1.0557940405067616,1.1582707683192377
1.048799228808297,1.166077296087853
1.0527320761055654,1.1649419992717633
1.053648373895806,1.1662148027237487
1.050023354772882,1.1715615158556556
1.0496843852829245,1.1741268081516711
1.0534112926669414,1.1725287010925456
1.0631782730314228,1.1650244445075528
1.0781527230320702,1.1490519441460783
1.0926065370378086,1.1316580822671818
1.1014955262552002,1.119834294236544
1.110121007090753,1.1101943821042466
1.1072078326967,1.113557758555967
1.1156279901935529,1.099306033013939
1.1149813345467583,1.0963233040084968
1.1048141713366657,1.1035997068363748
1.103690513902195,1.1021972293690985
1.104399174670061,1.0963566679630583
1.095716160410424,1.0990064748651258
1.0854458583465896,1.1065501602108219
1.0849966896105803,1.105227484531352
1.0923008111644072,1.0954230889181682
1.082153341575884,1.1013125174053018
1.0735835291819622,1.1053535945959623
1.0686924363182082,1.103506935921481
1.0621421604109331,1.100170866959218
1.053137882153322,1.101161819124362
1.04744669702955,1.0968232715121726
1.0388840359055187,1.0937294126576218
1.035350280586616,1.085372375883446
1.0199833977752053,1.0881562152348738
1.0161859815425398,1.0801178260627182
1.0095908260708435,1.0772759931531546
1.0083557577262248,1.0710974765131975
0.9993460855025021,1.0750084097404204
0.9991852942865708,1.0720209163069971
0.9938208485599662,1.0720611295288651
0.9842359833583902,1.076548657142958
0.9756093562357246,1.0773423360687284
0.9645138860840013,1.0847162207086662
0.9758269096614188,1.0715449121357439
0.98072253517698,1.064778789677502
0.9831062425354424,1.06171068764606
0.9846448235675956,1.058245024240484
0.9926551205480154,1.050907975490198
1.005592601588839,1.0374262243193408
1.014214843906988,1.0266151528062195
1.021009097832541,1.016411441461058
1.0227143702286705,1.0120619461154547
1.0316137310159874,1.0013338861256065
1.0334186041271831,0.995372156280674
1.0198965039355867,1.0056064718582722
1.0119268877809444,1.0110656626412418
1.0044060222276707,1.0146292586623844
0.996285198517266,1.0192378358640657
0.9940681103732794,1.0128185050910312
0.9884215858198852,1.0083497540161985
0.9813859873297794,1.0075398861912583
0.968889544287474,1.0124783644370705
0.9671855851489164,1.0086703113037243
0.9653932435915596,1.004023608264225
0.9656058764487578,0.998375057450932
0.9673479466276071,0.9947304695222884
0.9636453819526054,0.9962173677625026
0.9575433820127552,1.0001545654819703
0.9582126401006528,0.9984684415096488
0.9606948639695588,0.9969934637054384
0.9761353529409882,0.981912533218331
0.9865938067884944,0.9723687613259154
0.9904890549188744,0.9689490112646671
0.9835728654896094,0.9774168058492516
0.9861635815140212,0.9798844687069294
0.9989356081194588,0.9741344745827326
1.012003786634131,0.9683058297957348
1.0185254308227856,0.9690571315744602
1.0161968973673372,0.980836066578242
1.0086089216138696,0.9981191543528178
1.0106567951988967,1.0066038599748928
1.0301137812042451,0.9957253082630406
1.0389043324765788,0.9961816038024646
1.0568884273945376,0.9873424386798062
1.0729335581548607,0.9812410439956862
1.0704123191349375,0.9912425885236862
1.0776871378661559,0.990487915066683
1.0796377534875947,0.9968520991898456
1.0728070664303913,1.0146041010134819
1.0583353284909283,1.0357355635706642
1.045377821950218,1.0549806880247636
1.0346501254865204,1.069699035015702
1.0403026099252186,1.0690294591683625
1.0394912772667724,1.074687829666739
1.033902211237232,1.081970843664257
1.039567111624209,1.0760723118876798
1.0543725566192779,1.0585447649640527
1.058631140006986,1.0530682612952331
1.0594990799637556,1.0506231095377594
1.0722608659984911,1.0348501730464923
1.07188403667172,1.0325224091496987
1.0757182942728751,1.02720079128748
1.0779940910633663,1.0219244078551537
1.0699928914675028,1.026828992102882
1.0694741741527567,1.0244395551869387
1.0680809291697946,1.0223025600871185
1.0595981225372728,1.0257055588508364
1.0553465461801868,1.0246399165522624
1.0396242663996178,1.0360660781574833
1.0235702431085618,1.0459107850104958
1.0035507888970563,1.0618747537196198
0.9931028436396134,1.0694569962073113
0.9980600635012318,1.0609417002201158
1.0039897056934115,1.051321836952691
1.0019995960377288,1.0498492091443736
0.9976641360308718,1.054312432516796
1.0018231317955228,1.0506166317885048
1.007841393625872,1.0475553266847095
1.012189042933662,1.046263093222939
1.0191694393218111,1.0401539137238018
1.0239789432684658,1.0375378256520085
1.0282361849858626,1.032437294496523
1.02960759642042,1.02825294651556
1.022469348614912,1.034580485509939
1.0166439612076643,1.0434713816661174
1.0160673882387568,1.0474685131923351
1.0205134795410786,1.045245691912164
1.0244743840425128,1.043710300135458
1.043568099055105,1.0289604451559056
1.0656172205032208,1.0108064178777094
1.0737633776940436,1.0041317870537818
1.0788457223454195,0.9989097454834338
1.0741620624679507,1.0044209154392847
1.066951298695616,1.013129130934674
1.080482148391821,1.0053417950049535
1.092218849553427,0.9961749868268372
1.0959747704197789,0.9931184032916068
1.0900896054653568,0.9964357775076846
1.0814594272646547,1.0013437783868802
1.0591403070303795,1.0172743307045202
1.0499578781410879,1.0201036554203735
1.0396018857454776,1.022956330340067
1.0267662206178136,1.0277375105669913
1.0034163062523016,1.040717224127306
0.9836784105942078,1.0540333801980313
0.9681096736651184,1.0659146014741476
0.957101893590455,1.0748903270393615
0.9531267361248038,1.07744081019215
0.9562768256235794,1.0715877606337223
0.9571693563359296,1.069628364190204
0.95483050763231,1.0716149548177838
0.9558012385318077,1.0672186147153553
0.9524470959595867,1.0662048438749758
0.9576438587941228,1.0585380109629245
0.970064369133154,1.0438054040432083
0.9689623645074334,1.0414797609398248
0.9675437138987087,1.0389172631325174
0.959325340969954,1.0410850985838933
0.9596874624434882,1.0325326626895344
0.9591230480019746,1.023506737036828
0.9562138275895808,1.0177669102808284
0.950350387594693,1.0189966318445067
0.943146035955341,1.0233401472658612
0.9406245555632718,1.0221546186174286
0.9511263891384248,1.0074754580160998
0.941332884690148,1.0148784805450517
0.9426771417799442,1.0118323663131659
0.9351739460883828,1.0177593526459328
0.928007328047938,1.0221081182384208
0.929978542190638,1.0155783065209631
0.9247583867734982,1.0168442334851815
0.9185540594164447,1.0188927238041754
0.9188832001456912,1.017912268683475
0.9311917571839982,1.0056529020554472
0.9348947026252428,1.001166642365424
0.9481881263952414,0.9908048592980958
0.9521617499203984,0.9902800520578318
0.9569531280603092,0.9866120390101196
0.9638756781246018,0.9776572794579992
0.974321903349411,0.9623872536676004
0.9784012077181934,0.9528178760624162
0.9852736504526364,0.9404065878168594
0.9867102670175952,0.9324313751780314
0.989046202247224,0.924150119681461
0.982667724580404,0.925441169078076
0.9813540356144032,0.9234429637793956
0.979389139298058,0.9244367537117304
0.9622571443949396,0.9395371929123084
0.9646241557079476,0.936135794069164
0.9666021606947556,0.9336523764315118
0.967369843098112,0.9302258887761732
0.966811050128198,0.9268132997827532
0.9580723738723878,0.9302479776059556
0.9393928954918062,0.9414936557296723
0.9374898976072236,0.935831380959821
0.921722399783749,0.946869062066893
0.9143401127208756,0.9495538758432204
0.9166625968333107,0.9437041458581684
0.912543587595004,0.9463666548795407
0.9111373998289368,0.9448309430316384
0.917548349496568,0.937748712373488
0.9193754784586752,0.9372217646066516
0.9239416914797626,0.9323477298339898
0.9312628318291944,0.924756694199204
0.9364349330777276,0.9227093169873773
0.9364357867487682,0.9278788181733808
0.9477961080158106,0.9260550127847796
0.9517883156026314,0.9324195433187628
0.9510192986726338,0.9462391039200868
0.965748002429814,0.9425990405669364
0.9814929819515922,0.9346794701079209
0.9920577243088222,0.9349618417081634
0.9973044388854888,0.937187325537674
1.0009634216152608,0.9392682636196226
0.993790605959662,0.9539705258148072
1.003794566765357,0.9513603751751714
1.007873703192535,0.9556685510610722
1.0156102167276695,0.9553308453036602
1.020077278884674,0.9554159655746458
1.0219563753801115,0.9566053353369393
1.0068908744881182,0.973811374580292
0.9980778259701186,0.984667303388601
0.9972046633760328,0.9880808169120556
1.0067362257569867,0.9817875806402
1.0124432645379202,0.9781245068061576
1.005551774115788,0.9884775418542636
1.0106170293754315,0.9891811129291656
1.0115089296209554,0.9937792685052862
1.023404095232453,0.9916456485256808
1.032894425102419,0.9919550014686642
1.050025915143916,0.986557878447047
1.051090498979955,0.9951950713452862
1.0504832797925536,1.010048464240717
1.0559990130873984,1.0202590793611508
1.0571452557154903,1.032436076528304
1.0573954919818207,1.0436799318885672
1.053086501446696,1.059765068881748
1.0503878289598056,1.0710962621937137
1.047721103136085,1.083749573073804
1.0504784616999514,1.0933552228826513
1.058672872524347,1.0941906144198374
1.0646746824213136,1.0979581957351399
1.0766738336090065,1.0921199015588545
1.0782040842643403,1.0977370913978206
1.0718279743957928,1.1136892411612986
1.069403219579502,1.1219025431567855
1.0605549843774256,1.1360540541338473
1.0600932295268453,1.141848701085088
1.064122007412041,1.143246570986932
1.0759428251614365,1.1356547164056319
1.0642837868268384,1.151323150083493
1.0519104135577364,1.1642286508143849
1.040815354494509,1.1717912931063132
1.0391466301697052,1.1699407223207394
1.0360048688439039,1.1702205028723767
1.0409086133865602,1.161089884033354
1.0454927018102804,1.1488564266033303
1.0451724803188776,1.1435770865860353
1.042615719372302,1.1389910660263727
1.0400607254207583,1.1352171472919728
1.0407791495104055,1.1315998442300184
1.0337667370329107,1.1316557773763083
1.0201967881711755,1.136621799488601
1.0154524471119681,1.13346997604634
1.007269061950105,1.1317371329138557
1.0119631304083325,1.1126210503855207
1.0115562029877054,1.0975114797881107
1.005959895687084,1.088544125202728
1.0005538811812642,1.0810077927220827
1.0053695741659534,1.061991361314576
1.0048450513987384,1.0480037447331902
1.001044720554078,1.0362219986154466
0.9908050656319372,1.030085460703234
0.9840148469071036,1.0197535515877378
0.9777115054453716,1.010327505871964
0.9791934110185208,0.9995733843838732
0.9802499523563116,0.9922887011337787
0.9795398572817688,0.9875089020627128
0.9759005830428454,0.9847370175030477
0.974055420006393,0.9768630245601406
0.9652142222079662,0.9783397059197202
0.9611271268182456,0.976441437372199
0.9515003650390867,0.9782636568252268
0.9440645701850264,0.9793343295958408
0.9377238558621064,0.9780636498749796
0.9338237469750572,0.9772338771837012
0.9244758625128364,0.9823228077948738
0.9240116052334284,0.9810555547278041
0.925649723280909,0.9775647343347128
0.9225689112548424,0.9798431770477392
0.9231596183989562,0.9772181414308158
0.9368376596387508,0.9610185100327898
0.9441383204344752,0.954706309084502
0.9565776150128142,0.944091709435533
0.954158464839722,0.9469657735861688
0.9515286813101356,0.9466623177730173
0.9544924544408784,0.939377290299501
0.9471506971886574,0.942506265645439
0.927223303844106,0.9576837380553536
0.921294459263668,0.9599369281012364
0.9226093559054492,0.953832762255264
0.9247974840946914,0.945393588867012
0.9215285229643492,0.9403413158746344
0.9159415814234444,0.937250423945908
0.9203663476978358,0.9272808483322384
0.9124410482156272,0.9300478646160868
0.9090540933858808,0.92826591417549
0.9127918965281828,0.9228340738183468
0.9056920929268995,0.9292295805499596
0.8984824144657398,0.9352022093159952
0.8879690462623941,0.9460848209865388
0.8875120603454318,0.9466094460958612
0.8813022847870331,0.9539462113928404
0.8700074996487378,0.9658912613528616
0.8694025413318592,0.9681497417047842
0.8703914419164096,0.9708748825466466
0.8857900317109874,0.9624619995059954
0.888684640031374,0.9668277329802738
0.8945920420200255,0.9684941109419466
0.9024869960992002,0.9672683516568074
0.8987837709567955,0.9767373674852928
0.9030388164147553,0.978032796678542
0.9031943193173918,0.9820662000335086
0.9063783962287856,0.979119150737837
0.9230457124184216,0.9603669239590285
0.9248448389178772,0.9533719484330055
0.9251584192051238,0.9491024579031846
0.92300506516049,0.949676698850871
0.9197021292104208,0.9487328918118492
0.9195072449709276,0.944031465306276
0.9204978657613646,0.9364141468204674
0.9214509004861952,0.9283995696708094
0.9150494874700827,0.9303510417841476
0.9145171250437822,0.9268092295935296
0.9139943649094256,0.9215924546128152
0.9045575670418012,0.9279121586603196
0.898652840235617,0.9331918530028724
0.9042116766548008,0.9274258255516568
0.9061300233276252,0.9254545393335416
0.9133894759783816,0.919286651151949
0.9292701122496024,0.9046375214391034
0.921896955224403,0.912341240950568
0.9277940471618452,0.9084634810448602
0.9271106518939952,0.9123656043315792
0.9327679985898498,0.9102106491292004
0.9429229844878152,0.9056127005367972
0.9530184942538158,0.9032461690871528
0.9546636660254008,0.9089393814384518
0.970458471162597,0.8981010759759201
0.97739230156288,0.8978004115673431
0.982465270325221,0.8974983420722468
0.983659878894579,0.9024690516881356
0.9785094484325176,0.913649434358052
0.9819116974201274,0.9178634216470168
0.9875323137409078,0.92188583813903
0.9922771064606806,0.9250346414890938
0.9869326854689676,0.937947332794798
0.977472421407925,0.9555343515209442
0.9667611233002124,0.9724363886532724
0.9735047866140398,0.9726169697455997
0.9801805777572457,0.9716258824260104
0.9807749864341214,0.9779432334656254
0.9798747889754535,0.983675584840162
0.9703602223920552,0.9961403463083368
0.9751168254783922,0.996658142989732
0.9848004248483356,0.9946262493815664
0.9783848909523746,1.00874337955196
0.9728565031417844,1.0233151351262004
0.9709653287113694,1.0355235037587676
0.9809196306220792,1.0319811995978478
0.9823365917167838,1.034347845079412
0.9872094728688487,1.0330340123771602
0.9934069368211694,1.0331670472543617
1.007273485681042,1.027151934897096
1.0197223990475748,1.0236794344811333
1.0046810079737627,1.0455078158778377
1.007579274813215,1.0512492421195532
1.0187213611260102,1.0486945156195302
1.026481611931664,1.0486807029841199
1.041472412860551,1.04048371760288
1.0404122236838191,1.0428272831969267
1.051421876937522,1.0383753203815278
1.044289590788236,1.0515967463468816
1.0424692187063327,1.0596504923550907
1.0511927911769534,1.0547009827169715
1.0660541301024895,1.0434819852003738
1.0649349233910785,1.0466259151634827
1.0665768789183436,1.0500184332133042
1.0733991485182575,1.0488470950620354
1.0699162710667258,1.0587321175664912
1.0887822155501339,1.041541757326221
1.0851969450442183,1.0451571447805075
1.074644320018758,1.056770931446227
1.0718552626935856,1.0593028949899195
1.0657902362464786,1.0648777279313295
1.0624833627714871,1.0683215884652884
1.0666435639215486,1.0687382955760127
1.070542954451216,1.0704909670526337
1.0676071840876575,1.0803113524414447
1.0593716810392404,1.0953019634331873
1.061551956148031,1.0979627346790464
1.07194664903082,1.0917905589570993
1.0844545348775907,1.0802643044052762
1.0885000228499777,1.07719542692859
1.082633907993604,1.0824026145077963
1.0764120293010206,1.0882004772466292
1.0620325057634408,1.1044753018330886
1.0668609179026487,1.0983599611689838
1.0707649039469551,1.092545598514139
1.0674089235329864,1.0947493219089577
1.0660572696504704,1.0944655552166953
1.0629041964003298,1.0961271588159105
1.068653998430943,1.0914378070354975
1.0752083604674347,1.0876151839160326
1.084111953525537,1.0789762568203676
1.0761711093735609,1.085861808955895
1.0654711265865984,1.0979653096606632
1.073530198214295,1.0927124211726755
1.0784253278440663,1.0931741345628672
1.0819014801756417,1.093209632905927
1.0757011652039647,1.1042661442213657
1.0788246061798814,1.1096807176613255
1.0778141141543962,1.1189730043980133
1.071045488994237,1.1339058503767117
1.0709775777470765,1.1410335193284171
1.080081076891469,1.1398132404462824
1.0881945258426469,1.138658900709005
1.0851711739302834,1.147034919053889
1.0835145781595763,1.1489438719962715
1.0767784732978045,1.153508266390764
1.0689496776240532,1.1612682452270244
1.0627223275561346,1.1612842906049807
1.0566645431789734,1.162568879907832
1.0551859459696873,1.1604471204858675
1.0592361074494394,1.1502706887979135
1.0636548267965338,1.1386393386239313
1.077109784139448,1.1178888065796861
1.0766145833908225,1.1120677479727925
1.0797694145691965,1.1023964301042353
1.0868196307755165,1.089426949537199
1.091184211628311,1.0834647476231059
1.085993699559956,1.08720570775169
1.081728147746301,1.0916128111323342
1.0910004627106062,1.0836395019222922
1.086679391378134,1.0886286522516415
1.085942338851008,1.0892201565722106
1.0953262975226603,1.0806131253173097
1.0895932138790663,1.085728996492563
1.0924191055050256,1.0829892966551038
1.08194222727333,1.0925190373618583
1.0765080552820565,1.0966760525851746
1.0744796162720975,1.0972640331236818
1.0707486266389497,1.098649947832403
1.0653078896399433,1.101180556075918
1.0606989268903555,1.1051596805329933
1.0400227346280029,1.122933660358903
1.0419587150008291,1.1185616226729058
1.0402781084087915,1.1155694250166577
1.0344057164626224,1.118119628771435
1.0301369576864203,1.118718438674894
1.0255499274676938,1.1195767973501154
1.0163230884524106,1.1255655270843858
1.0147155679029762,1.1249583332048323
1.0123788967063851,1.125280361115688
1.0146786920028095,1.123589070822571
1.0118059325021451,1.1281918208970412
1.0072953181375248,1.1390929774973977
1.0159326167347826,1.1373403830464313
1.0123025749369747,1.1497204235579614
1.014973319590026,1.159386073228534
1.018431147318636,1.1676046030088283
1.021972524149782,1.1741464272607094
1.0201099357175636,1.185867468141837
1.0195698407543419,1.19732716597677
1.0268944732466465,1.196022987000472
1.0539850598495248,1.1748460632691915
1.0738903310935763,1.1605373527651703
1.0853869827089666,1.1520970946584037
1.0938024998852192,1.1468071138769615
1.0930811428174512,1.1495445572418697
1.090637255148636,1.1531760901398782
1.089936593555128,1.155025260495806
1.0869819193156631,1.1595581615925497
1.0895899596241856,1.1596429546206115
1.0932356880288396,1.1620861317628934
1.0903599436557707,1.170987124529949
1.094655506438796,1.173609223947102
1.099313477752964,1.1739628771107202
1.1042678763344789,1.17086302592986
1.1002876929336756,1.1753003016825652
1.1010313781518508,1.1771550006075082
1.101701228079497,1.1773166894260159
1.1032819717919913,1.1736997718581943
1.1047827435880075,1.1694643347640175
1.1108668775128097,1.1605607406349656
1.104068957577811,1.1643834051092234
1.0956606279583927,1.168060431271267
1.0970567444770676,1.1621931856894108
1.0992879761501235,1.1549248367478055
1.084724792846939,1.161900904030488
1.073726817687196,1.1636812897178344
1.0677704025997374,1.1581707020889183
1.0626493706765214,1.1492217239810028
1.0707443230824323,1.1284769119358482
1.0844381685479871,1.103857916739286
1.0890966055302604,1.0883308230016577
1.0816976871848176,1.083424957770858
1.075074738627509,1.0779841684369647
1.0661878596898147,1.073366899795556
1.0533322630476099,1.0767336477098497
1.0452969909041103,1.077259233253005
1.0552346524994223,1.061583487033066
1.0627760027632724,1.0465250261759997
1.0653072746652275,1.0372436445081896
1.055371030625011,1.038990240136778
1.0526879780180531,1.0328115731556955
1.0557505003852543,1.0228406872508262
1.0669199883449918,1.0077345495609695
1.0735536003734982,0.9958311068956148
1.0807896883571368,0.98619341470322
1.080276225462675,0.9872036468001932
1.0770566931537746,0.9922516150178594
1.0716301448601162,0.9981315183198594
1.0631693802764524,1.007152608280909
1.058814795028656,1.013032210974867
1.0555687099020623,1.018033294691853
1.062574097114695,1.0142015594822569
1.0621794216957352,1.0172222297700395
1.0669283141225183,1.0135839423788433
1.0859731772416992,0.9996925076597808
1.0863786201739123,1.0011046642776076
1.0838287034400547,1.0078122406720793
1.0880490118553603,1.0055398274968523
1.084950686966555,1.0094056334081944
1.0777843433797505,1.016489509296115
1.0833906996249891,1.0108320577864827
1.0875407407081599,1.0048227299855272
1.0923796191924635,0.9981674909992319
1.0853168842287713,1.0047822565442048
1.08711227658962,1.0060976749949213
1.083464811427164,1.012996184792648
1.072363878324579,1.027825780346395
1.05784299953006,1.0422291476302887
1.0531270256324827,1.0442373982288051
1.0578647473328755,1.0338613525999203
1.0513923543627066,1.0331137962883343
1.0452609381796258,1.035557882677366
1.0387271249728027,1.038814725790102
1.0399866848414958,1.0365685579278874
1.0466734039776897,1.030245596697959
1.046429088336161,1.0304124721488728
1.0439352081538424,1.0320265554595995
1.0332196049149922,1.0394704834208834
1.0246273495488087,1.047198565729336
1.0228394603353843,1.0492032753322493
1.0366133088257548,1.0402757999147607
1.0306172678180543,1.0499195193318118
1.0229015974943505,1.0601580635922918
1.0187574507296149,1.0655591196079288
1.0134385871136282,1.0712473045018331
1.0085717318000116,1.0745057209457811
1.010351351362538,1.074344442116891
1.006636682891448,1.077982847940843
1.000953319584013,1.082600671746925
1.0004411867918248,1.0803186660429405
0.9958760426811876,1.0838883763754472
1.0104102290132375,1.0707108429439907
1.008227077037276,1.075419713926019
1.0134808423852801,1.0736387534253915
1.0224069329547167,1.0685382109044954
1.033241170902551,1.058718413782852
1.0485830642592575,1.0450673277716391
1.04791893268593,1.047602469113678
1.0402100431730987,1.0578139253752439
1.0524413781167454,1.0466082560543102
1.0653838456207074,1.0350921685920695
1.0569858859860193,1.040919329449046
1.0578175062212551,1.037925792628979
1.0576473236813777,1.0397843997566256
1.059996039108811,1.035111424732046
1.059091413342839,1.03263270312955
1.061577730835448,1.0292447479306777
1.0553668574733237,1.034931375259203
1.0519025943534075,1.0368218138822407
1.0626893860058315,1.025076917293334
1.0657037097803368,1.02139565866861
1.0602776303885706,1.0252674884045154
1.0666187172893697,1.0191504445326425
1.0618338779202083,1.0254973311278035
1.0738154203196206,1.0157938607220127
1.0822180709889566,1.0063027023918942
1.0844481536292487,1.0028809833931671
1.0833099313776924,1.000512193247789
1.0814775955487264,0.9933672926993812
1.0701277096618955,0.9982977026323654
1.0628119361036754,0.9991141832341748
1.057500938551027,0.9962872059201332
1.0515394687870767,0.9944417080112093
1.0393074595494105,0.9989250485266594
1.0110738383184608,1.0199800152554046
1.0011446857836324,1.0216211570772828
0.9979104043367844,1.017519747915597
1.0051470366935815,1.003642575330363
0.9979427708514956,1.0023890600991616
0.9990495270698356,0.9908462978640376
1.0031992443544595,0.9739276928695496
1.0002094109631443,0.9638208595326282
1.0061547523408418,0.9440352636414334
0.99614834272251,0.9428849710339668
0.9881192197133916,0.9406957304695714
0.9876436709094036,0.9330503509471618
0.980882797356061,0.9326321943024098
0.974528291856029,0.9267865858750978
0.9729959224094,0.9179467126566317
0.973797425855076,0.9093029301551248
0.9654842670191937,0.9088755889040366
0.9474052473958564,0.919973821876793
0.9360661413033023,0.9257951054724058
0.9279167310615832,0.9283541051263287
0.9158408116181984,0.9354165097555712
0.908503809116508,0.9393998976214274
0.9125448420815572,0.9348480893800027
0.911813162194035,0.9377325981607092
0.9171114508423086,0.932491183685446
0.9266664696375314,0.924878561778078
0.933033418131552,0.9212897909603148
0.9309551877290762,0.9263923217578114
0.9293477529083148,0.9317799960606872
0.914579034733494,0.952154561257832
0.9098477434614146,0.9617479883605384
0.89741711856177,0.9761246459986956
0.8977276914213184,0.9765129282979188
0.8960850046883418,0.9806725717269656
0.9029393579124902,0.9743291860669658
0.9066983581886175,0.9714369653418438
0.9089979074751322,0.9707351767026324
0.906942069437052,0.9749611499048056
0.9028330239318526,0.981325159417244
0.9017469098885604,0.9863208153281136
0.9127372056245594,0.9798911908393434
0.9257495149765465,0.9699567579974496
0.9234128087637812,0.97507594367212
0.9224010828172562,0.9786471924300862
0.919547275155394,0.9864977623532004
0.916431718079408,0.9932181847959252
0.9127995746172226,0.9995308676767058
0.9110656781970669,1.0036043879134868
0.9069428118214474,1.0101438582012285
0.8969861963352164,1.0225436072569627
0.8869635011827574,1.033968122628667
0.8988430655574664,1.0234640343726775
0.9123305718807052,1.0105626982507032
0.9250165252717945,1.000013183075747
0.935594552464,0.9928735279889498
0.9403693962195876,0.9900493887945162
0.9514406587778494,0.9820076735276224
0.9490677983102138,0.9889438715434472
0.9346989071516008,1.0052521268902574
0.9275783694121038,1.0110934728116951
0.9344427571178376,1.0055847202778332
0.9400062014490606,1.0013409155047128
0.938143407659178,1.0038583883274619
0.9440979104063716,0.9941760130019957
0.9481917332140072,0.9875845707891668
0.9537584046070632,0.9817067001928697
0.960848043014509,0.9757793518515384
0.947904729388892,0.9881282509908926
0.9547224804012516,0.9772363161754563
0.9468666162465132,0.9815687817149392
0.9472849349405498,0.9780081592434214
0.9453219609452098,0.9761200430608514
0.9464840458603604,0.9692896263185818
0.9486653192981171,0.9622510950311186
0.9431966570082034,0.9631291263296916
0.941306143050578,0.9615714816850937
0.9437393681273096,0.954458181623874
0.9450921024285928,0.9501474536731184
0.9470155552204896,0.9472178426467802
0.9410351164142388,0.9498944893609572
0.9434539425412783,0.9447486049683198
0.9401335248163406,0.9481868411805904
0.9385230601935916,0.9527368707616096
0.9464067198951918,0.946842239959432
0.9597139892675653,0.9338729341515472
0.9581609978378686,0.936067003921378
0.9679258167247424,0.9265432916781324
0.9762352695835226,0.9187800716701796
0.9875001015542412,0.9116837121757808
0.9886995179276814,0.9178612552608822
0.9968302650962992,0.9149802731329264
1.0002764256890833,0.9184420850322408
1.0031822953960394,0.9218734096230522
0.9976044580703328,0.933769303091685
0.9942043369430636,0.9425360307604262
0.978635529302563,0.960911783804373
0.9716719497873858,0.9720306405322394
0.9744377834994344,0.9734889611707408
0.9822851567378336,0.9694977255236688
0.9853838368500984,0.9719379767127088
0.9964550791419492,0.965289456803387
1.002299005455128,0.9652106154739198
0.9997327568565548,0.9748808564425772
0.9963599525498832,0.9869094795162816
1.0007288773395184,0.9919497349176578
1.000873027904594,0.9996340846437554
1.0085395636225034,0.9988615944932848
1.0168457545584977,0.9982413147387212
1.0263108087200217,0.999745986644813
1.0279122064348498,1.011467033165084
1.0334798846253703,1.0206810816363985
1.0476653884220244,1.0231985794342155
1.0573060261664464,1.0288186474083378
1.0557302307357423,1.0440101051864765
1.0607507114512909,1.0513088268159174
1.0680603749181095,1.0571275232305695
1.0650712889080807,1.0717694253058123
1.0664023767496915,1.0806797942135098
1.073251917528563,1.085690618552263
1.079628394257607,1.090023395590436
1.082613116963088,1.0968849877886004
1.0757530008695855,1.113758842336888
1.0748827096345823,1.121419623551547
1.0708524463978328,1.1305972284066104
1.067998562998349,1.142145190624717
1.0680825335299422,1.1523735995589264
1.0728120214646624,1.156799757055534
1.0758851740164337,1.16201149717814
1.07803450894376,1.1663163607077456
1.0728275869846355,1.1747041618834861
1.0591344167475412,1.19089022851462
1.0510545678392391,1.2032148263785871
1.042426265676046,1.2113992710520785
1.0264474697801926,1.2290453370375902
1.0168169153680306,1.238406811165385
1.0134091096051732,1.2438235505666047
1.0033235778603122,1.2584334319676571
1.005167323467245,1.25934101488581
1.021967060476067,1.2440465567242558
1.033860517415452,1.2320884266004895
1.0407302532081266,1.2293542402989632
1.0458932857957377,1.2244757696685322
1.0466206589575615,1.2251138208941073
1.0524756753678017,1.2202403224130627
1.0401243267650189,1.2328334528543938
1.0414998881586652,1.2322992341650745
1.0457596665567623,1.230542506840063
1.0526735873463808,1.2243411846670162
1.0569524565134478,1.2235097504437615
1.054587360187123,1.2289345467000494
1.0493055579987225,1.2304865376096834
1.0506176905011166,1.2258015604312722
1.0555079771339215,1.2179113055762707
1.067059579518368,1.200854634144796
1.0749562380498534,1.1834843840256366
1.0706385386467419,1.1795890880246498
1.0680612196063763,1.1723253292824674
1.0720143591874132,1.1581043453426791
1.0766521804644176,1.1400016538833464
1.0662387041862682,1.13890957437806
1.070395718645322,1.123664413475637
1.063592940162564,1.1179068692155316
1.0582654370825073,1.1087784204915696
1.0543508040027265,1.0978037265606895
1.0490644397309474,1.0909796167960266
1.0386933871426351,1.0888928271704028
1.0366252220043775,1.0778016946447853
1.0334375438196253,1.0686980294533794
1.0347016159124507,1.0542310299328044
1.0340389357986763,1.0456847788351789
1.0372703421924614,1.032846757494441
1.0372113182456724,1.023581385144924
1.0425586617653062,1.010645686367795
1.038259872921058,1.009426328140104
1.0224786872331753,1.0187063417782478
1.0217586690443263,1.0152614306983223
1.0281470118259515,1.0042153074296079
1.0350557006544812,0.9939669285835102
1.0424369181778383,0.983597911161374
1.045091849391123,0.9750928261469348
1.0561885101760526,0.9619422623738796
1.060436171633646,0.9566109396755518
1.055303298150322,0.9625059609856872
1.0515126802551644,0.9671602334073602
1.0591444002957695,0.9612366354591952
1.056611872564116,0.9634770745015528
1.0512701477121154,0.9695427994482366
1.0479540077762732,0.9729755622533804
1.0483374222425497,0.9715059737487582
1.0552325191051248,0.9633177126222514
1.0628880760619492,0.9542691811812793
1.0734758678113832,0.939472373520309
1.0519698271043365,0.9526241842577062
1.0363913630752961,0.963972723425188
1.0259317974801472,0.972568790462861
1.030742270672533,0.9649229973390978
1.03477714215889,0.9636659174701244
1.0447074691009135,0.9560746158294234
1.040523233056276,0.9599945979207016
1.037869181754956,0.9616030490942652
1.024862388884649,0.9758253814852826
1.0272621200649523,0.9760423301776976
1.0312170986284974,0.9728941183044488
1.0365807030251135,0.969266344431116
1.0330852644666777,0.9750249602729154
1.039381884433927,0.9697382150867097
1.0457847953489263,0.9640493326157862
1.0496932524578515,0.9586868849116572
1.038738815830884,0.968328108423971
1.0429530075301234,0.9653314643831374
1.03115315738141,0.9791726010353472
1.0260238146463323,0.9867062915432634
1.0151118504022527,0.9971538588594296
1.0068122498903251,1.0037713154456518
0.985557287598336,1.0193779532567415
0.9633162584244224,1.0359579413526818
0.9435887612544436,1.0520484721978312
0.9294500435186008,1.0660196712167003
0.9287464828477588,1.0646431335615838
0.9237081316027212,1.0685999157261687
0.922316976872234,1.070132175667723
0.9350024297440512,1.0541562553176893
0.9249436303330376,1.061025765519921
0.9147860886712909,1.0662643086948231
0.8980643823560136,1.0805342752508529
0.8856181063670403,1.0909212332082348
0.8748631227353999,1.0993781629377406
0.8674199326418691,1.105470666135934
0.8730527329305554,1.1005320210320626
0.8822606253825862,1.0938091891751605
0.904172291308025,1.0724408065674558
0.9206658634133096,1.057590255901389
0.9258548878791792,1.054365261160501
0.930324306548388,1.0514666494785283
0.9366657478888144,1.0511912594904256
0.9418820691740724,1.0518788761457507
0.9430009526464602,1.0543155072009338
0.954150120804635,1.046765916044767
0.9450758899298712,1.0577510031986979
0.9413766175074598,1.0646092553298832
0.9387174882933697,1.0691892912866718
0.9493351687158582,1.058849775407001
0.9619475109997042,1.0486118659111947
0.969036410664731,1.045293327130068
0.975874868627284,1.039377955355011
0.9786014974046658,1.0362505912755051
0.9744865077511974,1.0380594866291055
0.9713392960312542,1.0430702582704385
0.9642083503334656,1.0543318223224711
0.9543597191474432,1.0681653447829484
0.9516566768249702,1.0755985443513598
0.9645858164564298,1.0647257118371765
0.9781832814471698,1.0544009561356682
0.97926004313216,1.055519957244851
0.9746736132602813,1.061355645830552
0.9752143698242686,1.0601264366632663
0.9842027911319334,1.0519410116800372
0.9881482983172039,1.0479754671273516
0.9925449570215816,1.04395426958694
1.010898630134896,1.0233497424862303
1.0237813056892984,1.008152560189918
1.0314868413258345,0.9957110029550228
1.0210980403758163,1.0011393344948418
1.0137926104043673,1.0032272795980397
1.0011009658430003,1.00846205903329
0.9885116110411394,1.0118627681068713
0.9805743272278667,1.009038443798948
0.9694710351764262,1.0106885941033696
0.9631647439686356,1.0086048798733422
0.9654165274906789,0.99624676918018
0.9626665403185524,0.9908101307386163
0.9578212122795128,0.9874409825840288
0.9576084143767408,0.9814670148489016
0.9541397750285842,0.9813441952728168
0.9517334187233918,0.9789246376217884
0.9520994061385404,0.9708717355318042
0.9481522746303618,0.9697145129672666
0.9325441895045338,0.9808317366548994
0.9124879303984352,0.9985473159665658
0.9047260533792378,1.0021209206805772
0.9003818520807112,1.0040123471070457
0.9088097026892636,0.9932298524176862
0.914620470501531,0.983392798318194
0.9127188991277821,0.983752222203934
0.9147930772523966,0.9783861175024702
0.922523914490252,0.969801194092472
0.9292527831863234,0.962228423467954
0.9258818990072382,0.9669165460819678
0.9311552618070448,0.9637368431308568
0.9374054444423288,0.9573909422843048
0.9467018684076118,0.9487174387789512
0.9507006057188052,0.9499940868624254
0.9569210667591332,0.9483482606842376
0.9603317834491556,0.9540481007926608
0.9615209943414668,0.9605975406573384
0.9663702302407206,0.9644493073499406
0.9845578392248372,0.9528098482618216
0.9882190662972234,0.954914778679458
0.9805567632657248,0.9678392531359584
0.9995866807812916,0.9546573738768716
1.0027365685071035,0.957170020255794
1.0090500189847285,0.9542562479749614
1.0129938352242822,0.951579532869549
1.0039894498280408,0.9608320335333788
0.9980931847426004,0.9673665311916336
0.992619452680649,0.9720120813687066
0.9924833676181046,0.970352512726768
0.9860578549850724,0.9738573627978347
0.986263667758779,0.9741439477999674
0.9804414410412418,0.9810465458394448
0.974104582321773,0.9908383821692812
0.9740050962189934,0.9982416794080586
0.9707157379877212,1.0093735268712711
0.9818579146675244,1.0074324589059611
0.9876918346348043,1.0083893433831752
0.9943424042983596,1.0108920723436885
1.000607419023842,1.0133776514519843
1.0129056639651879,1.0083984256977936
1.0206526184135678,1.008079393470846
1.0222111114740275,1.011177230859436
1.0310417462579968,1.0079316635212756
1.018427344143141,1.0229403785238675
1.013211057918014,1.030925019295832
1.004138157353662,1.0403345173827598
0.9959116383814463,1.0500438781023742
0.9885917975790736,1.0590419774230002
0.9858530083239626,1.062948190576368
0.9980241637400784,1.0515943483631054
1.0059251181345727,1.0419023854521359
0.9932958640572122,1.0533925955881105
0.9805288925182054,1.0636299384158676
0.9757877123688574,1.0672273808577573
0.9820112878641166,1.0595798807373606
0.9779149685176258,1.0626820535244648
0.9751675676306772,1.0657842585301964
0.9742030043832698,1.0669725647380068
0.975424001326803,1.0639795157788707
0.9894845466375162,1.0500163871160368
1.0049582087166735,1.034748958493981
1.0104754036831975,1.0287818686390515
1.014479287469272,1.0242061941502203
1.0187728124085476,1.0195307243241885
1.0207506466431886,1.0163228955783723
1.0277932680249626,1.0078151268515778
1.0245001940737894,1.0132777916481652
1.0292768425107595,1.0106991497268878
1.0380913404201126,1.001611594629066
1.0284025984566827,1.010253735397238
1.0261898914802672,1.009857710769756
1.0316908748830813,0.9993136818734027
1.0288582213241129,0.9974975597121016
1.0154806915874046,1.0073440045596835
0.9994454480495394,1.0204049093961418
0.988399468606505,1.0272460355331177
0.9874486705372219,1.0242223486622455
0.9822181662632002,1.0260595309782525
0.9830831912171148,1.020353362000242
0.9781747449249774,1.0188296930027054
0.9828833918409882,1.008077490409908
0.984796597277609,1.0025895232545756
0.9902358532745528,0.9933629063408852
0.9969076252580468,0.9833458511448322
1.003750790247102,0.9740168042033988
0.998630279303136,0.976399325580173
0.9970620688048678,0.9769369209857444
1.0023639012494563,0.9711125561882528
1.0086419671462867,0.9652700365512834
1.0100086556916823,0.9642212899433984
1.0108441310179639,0.9630711910286148
1.0054642931291335,0.9656633151259876
0.9942469731007296,0.9750797635741336
0.9924281931378696,0.976852987118194
0.9808982964656556,0.9856498237900724
0.9792840051690254,0.9824802101422744
0.9729814925295764,0.9820416400317068
0.9744447546866942,0.9733418770854704
0.9663745602898776,0.973698797724475
0.972675655861814,0.9579835609909864
0.9888559900280248,0.9341449446370907
0.9908045961451604,0.9259340333249144
0.9891790708365414,0.9247333510590138
0.97948863980843,0.9290347139807584
0.9763334050713972,0.9286183563697418
0.987733502218734,0.9169294463112664
0.9942043554202664,0.9069860322608873
0.9850778803893272,0.913690591618272
0.9882519022317467,0.9107530624893952
0.979395187098291,0.9216580746091002
0.9793879898006356,0.9220529798039324
0.9711848967326961,0.9297505744124576
0.9742505768051422,0.927721594411254
0.9832634352695306,0.9217117086898956
0.9861078715586048,0.9205510781588928
0.9837416390402232,0.9254652980044592
0.9862564709508,0.9245214870309864
0.9935770289331982,0.9191562474323008
1.0047262702326432,0.9115387383193192
1.0061555470464016,0.9117725579602186
1.0087885235138383,0.9105028949424162
1.0152752849690407,0.9040751153469266
1.0170534990077362,0.9023403935622673
1.0157400270324763,0.9038352733124456
1.017148849701811,0.9022582730141306
1.0093630996388916,0.9116961974002572
1.014340089001246,0.9089831701433346
1.009832920322678,0.9154194209870974
1.015753670070376,0.9123586140281864
1.0173840906071216,0.9133770598473264
1.0139932227107828,0.9192656238490124
1.006226813662659,0.9314438257071408
1.0125473876815727,0.9311090920637438
1.0048041881042071,0.9430888373657766
0.9902491123988711,0.9584161017426216
0.9737180420680984,0.975878189198509
0.9594352958214618,0.9945066503335452
0.9395942260329182,1.0168189362051951
0.939062917593224,1.022941887889051
0.9480353114938562,1.0163847795029552
0.9551003322187864,1.0119936120444615
0.9546410846169624,1.0118151338824912
0.9572841453975912,1.0090590668774284
0.9717247047610642,0.9939623683354406
0.9764199758393736,0.9870145438782584
0.9834027903164516,0.9779159306014032
0.9875774111869708,0.9722987617464082
0.9916053707481638,0.9690686082409758
1.0000536863072331,0.9662550439312032
1.0016451569090536,0.9708148148634618
1.0057122681621853,0.9720258982557288
1.0039453819798427,0.9752490552934722
1.0018793773223504,0.9813976188004274
1.0032896101421704,0.9888214006864482
0.9978168585390784,1.0029774356755832
0.994262916042978,1.0140351598328947
0.9988406440252536,1.0162896957122003
1.0022750123405024,1.0213175834167818
1.016430188984368,1.0172066309263643
1.0176663267629262,1.0247925756662744
1.0244411749715496,1.026042301651127
1.0318579793174938,1.0237147757562484
1.026155187474974,1.033531004517716
1.01451101869848,1.047327698597207
1.00668993044095,1.059867460106994
1.0038405756294273,1.0687518654394523
1.0166086218837183,1.063769679690651
1.0286590891052607,1.0540751117234743
1.047811762428493,1.0373542121847918
1.059767139156014,1.0269894358863425
1.0604687984730508,1.0253889377859473
1.067602960983934,1.016582744549688
1.074318209836013,1.0064765316519255
1.0770345029004365,1.0015999646362355
1.072584920566324,1.0003772485556222
1.073436362883007,0.9936475137248948
1.067447332666215,0.9941354821643902
1.0741983011570728,0.9856407907261606
1.0735136635978288,0.983144198249696
1.0705663103743324,0.9841588019613112
1.0718685844877962,0.982440418521385
1.0641927454968905,0.9896870112587646
1.0530865586229143,0.9997882359789002
1.0498108420694423,1.0044596380724058
1.0385284649135185,1.0185685166062517
1.0309332645383023,1.0311953169262669
1.0335040119633858,1.0377350755228862
1.0258289502549762,1.0554798166369324
1.0260346880003175,1.0640436149444237
1.0335328236797816,1.0610277702145114
1.0418926678777576,1.0552778811799055
1.038619225567809,1.058540101344316
1.0419097289000625,1.0543642890699931
1.0528548246833964,1.0435305167716649
1.0506594870567585,1.0453717860693932
1.0550398124920615,1.0413477677666667
1.0671465487284704,1.032368701120541
1.0640560553474752,1.0389899094675201
1.0550888529801583,1.051411501641404
1.0471383457721912,1.0601828757573575
1.0457834699491164,1.064867451343137
1.0407999338809455,1.0734486183797902
1.0433625189854399,1.071281182961568
1.0394171069683484,1.075532171334464
1.0468562187626795,1.0688291127923315
1.063352789427816,1.053430444611449
1.0633481928714288,1.0543976118804756
1.0524260529310205,1.065660460885866
1.0638399607181246,1.0545234462139788
1.0617809970756336,1.0594410453558258
1.069532470361234,1.0535372023199268
1.0659008034779442,1.0575058419751575
1.0668748159837287,1.0606953985669871
1.0745832725851898,1.0558763190058988
1.0607800904743743,1.0726428348138497
1.0543033491954004,1.0805741425080493
1.054218172554754,1.083359418908746
1.0472192084676244,1.0932594714323165
1.053076316933519,1.0881599552349375
1.0534632574335636,1.0927246935514554
1.055060198257867,1.0960505939339733
1.0571898730754432,1.095412228348272
1.0673003735395619,1.0871090229835347
1.0734777140534033,1.085301985920493
1.0657389013496066,1.0940557526518253
1.054025508636926,1.1049701259817832
1.0546323631642542,1.1043563608519145
1.0456970079417842,1.1135904467060902
1.0326296324338493,1.124832186099984
1.019088748818464,1.1403527961192168
1.010981485503219,1.1492114636848991
1.0039103236312368,1.1570870586443025
1.0009517340980891,1.1612642041880332
0.9938281952028188,1.17296586598952
0.9961976882416304,1.1753292768307704
0.998987866308336,1.175761880407748
1.0089526845584809,1.1696771545741576
1.005157434547788,1.1751878178270696
1.0084616200170673,1.1731694838811833
1.0128067283583908,1.1677119548269703
1.0119695658967554,1.1695264638961251
1.0157498054139116,1.1680120307198925
1.019985183656745,1.1646927593254959
1.0180834409303372,1.166376678838838
1.0212948045702799,1.1594041207001886
1.0210375857862095,1.1572747385192423
1.0261087680607113,1.1499348754964949
1.0266504614556606,1.1481449291005743
1.0317963985355902,1.1432953309856817
1.0357539944602365,1.1372713879340994
1.0366851140959188,1.1356179656628071
1.0417471336151076,1.1313338971966145
1.0468776413511618,1.1277569776676648
1.0461218943625064,1.1301135203261967
1.0463919985168944,1.1283591766067922
1.038671888343198,1.1338997310950463
1.0520023302544852,1.1212611258571963
1.0531348582885995,1.1197946877174605
1.0500117322522446,1.1208474901268353
1.0369343068121974,1.1326350991329877
1.0262500727104724,1.1408469045983258
1.0230703588253667,1.141791069661249
1.0246139303170392,1.1385847130175843
1.0204035437814705,1.140622513910712
1.022210475996243,1.1380864864178215
1.0231621705867375,1.1327525021659923
1.02682471263328,1.1252400800523297
1.0332970573691975,1.115933097166646
1.0351920600667326,1.1144220736903627
1.0311860053462372,1.1196125941695807
1.034175043134328,1.118659915737136
1.032598839366285,1.1210872510802272
1.0492671231258959,1.1033334446516136
1.0556126611018983,1.097909358838504
1.0644588855117096,1.0874150048916575
1.0748010348378152,1.0748824228595604
1.0836445211264722,1.0654110563893002
1.094576542185682,1.0568990716039892
1.100116230637481,1.0525065013409547
1.1050294273386647,1.0478535864537006
1.1079415375919015,1.044495872753731
1.1045758504916634,1.0506538566327144
1.0978828115321,1.0608271028773353
1.091880725972875,1.0706089896045439
1.1005862157631503,1.0656073397725916
1.113301347648301,1.0554630849547073
1.1138327542177944,1.0553074813550511
1.107677818960275,1.067923403383224
1.1034483463915037,1.0783970622232995
1.0976090101149931,1.090441512238678
1.088016531837515,1.108204420154911
1.0995639532470605,1.1059968627337473
1.1052031459475906,1.1064229790287436
1.102289148089145,1.1169798850684058
1.09987323047269,1.1222214942996815
1.0978064550104527,1.125506888630413
1.094407720372021,1.1305261251138568
1.094678418615601,1.1341009208503476
1.0982211824169499,1.1333991061956872
1.1039701545445058,1.1292365573255299
1.102590182532567,1.1300984792031776
1.1017497669079257,1.1276057612016146
1.1073394128126883,1.1201521490452953
1.0993194041239729,1.1236186006033153
1.0966609694422556,1.1203147754464216
1.0928273901817969,1.1160045539533234
1.0843518736062034,1.1163452288810651
1.0811290589136184,1.1129708591606202
1.0691889517636084,1.1166226461901427
1.065765392877312,1.1115503265495714
1.0638221666811167,1.107058345756345
1.05894179644193,1.1038253553383788
1.0558216817733383,1.1001201505351277
1.0562249735188947,1.0937489487050842
1.0592035616383209,1.083625235347796
1.061662725331672,1.0757210119521612
1.0538714080875482,1.0800921630741578
1.0560405835559754,1.074669047019433
1.0551039587731,1.0725360862182671
1.0476166478986215,1.0796421644083298
1.049407623741783,1.0796452430107035
1.0402544099358555,1.0876038966084427
1.0371348559215354,1.092476964884324
1.0326672788055362,1.0970871387138064
1.041466403032837,1.08686364048443
1.0451480989895692,1.0823001435143225
1.0484271430033691,1.0802115184350303
1.0492724852555289,1.079930584850748
1.047777127591266,1.0833821848374063
1.0532451491910535,1.0801585305485106
1.0386441899757959,1.0939326434875412
1.036011684848759,1.093906227329256
1.0574785709512695,1.0743623628799603
1.0587355823707738,1.0742293210343166
1.0522971082072603,1.0809805466195475
1.0594640275246123,1.075411453807509
1.0686318493122668,1.067011637135955
1.0705204537144228,1.0657603798817588
1.07017305453258,1.0667479208887445
1.0671430302839486,1.0688528424364718
1.0669534212949074,1.0659035325715454
1.0736416821532972,1.0565606045608524
1.0780947628315607,1.0498662985223457
1.092597711010062,1.0335310179361237
1.1072673098668313,1.018838331250366
1.1111018383125284,1.0159274425658655
1.1204197504455644,1.0090556746064812
1.1175722260306795,1.0143951783318719
1.117010403141104,1.0158608734300807
1.1154173094485615,1.0157738030711174
1.114669219417693,1.015472697026486
1.1121358372501065,1.0170839646039191
1.1034131420002624,1.0252541278622225
1.0953403589720443,1.0316924005848047
1.0884220776811768,1.041041478742364
1.087510256975602,1.0442210776034615
1.0810017597204815,1.054747935451812
1.074676221663183,1.0624325290401888
1.0691769557757496,1.0669093604763944
1.0809915663359149,1.05603700546517
1.0883743766324436,1.053167854185697
1.0832795450192179,1.0627747348285108
1.0828440121580671,1.06651519865746
1.0869541646922662,1.0637053115736463
1.0828329645382717,1.0703227373614563
1.0961579379022672,1.0558649424171895
1.1071249969934092,1.0441804093458271
1.0972291286123887,1.0525032315627443
1.0877245125549355,1.0564562183034651
1.0910753127146648,1.0463828505787431
1.0992627814241684,1.0341856210804008
1.1003023091813695,1.029409122299028
1.0992531423354874,1.026615691822579
1.0891677632836134,1.0355410277516008
1.0741869012503,1.0507964999666088
1.0709247772999515,1.0519831853819164
1.0703968173460536,1.049225422706066
1.0812054895692864,1.0337924079743486
1.0909153894547698,1.0184095695766322
1.097752417041127,1.0014653787661365
1.1002048418914503,0.9904586708647422
1.092438538722,0.989356122408696
1.0858633825322603,0.9900142976431138
1.0792626292930783,0.9900567865568176
1.0729247288181207,0.989334299302226
1.070309079405257,0.9861387939512768
1.064714960390286,0.9882652406175128
1.062055825863794,0.9871973313578494
1.0674171078733203,0.981548002061086
1.0762518067651092,0.9729110452905372
1.0758648496662104,0.9730927084743268
1.0782201962565494,0.9697522950384626
1.0847910346198244,0.962472623575852
1.0857595071824333,0.959883646363421
1.0870848939247912,0.9567424868870626
1.0931521633920323,0.9494701582085876
1.0904982279721283,0.9507203499419736
1.0893580499668802,0.952106259203358
1.0909462164495243,0.9503401221481104
1.0841313722773362,0.9555645615531878
1.0822219325502322,0.9578944479616474
1.078420853565825,0.9616105395203458
1.0793659989478883,0.9627986111124958
1.0762292196897552,0.96689754466698
1.0847880440316948,0.9582784060219922
1.0970899710060773,0.9484750974162682
1.109105884721682,0.9378108007836788
1.115341232190457,0.9345650842719953
1.120354900620129,0.9327513466545346
1.1245250532183828,0.931888216891488
1.1206108150648215,0.9367392355606448
1.1226002528813066,0.9351591042597388
1.1323557392440675,0.9258336757352376
1.1399341482180274,0.9206908338950156
1.1383282191854025,0.9267360120888326
1.1433585129476727,0.927244963956395
1.1542026407955368,0.9236226662655138
1.170826644877074,0.914627398642178
1.1758018628708888,0.915222070390088
1.1790019371020226,0.9161628444489752
1.167267291499506,0.9262178762718974
1.1655815191662264,0.9270400457426644
1.1631672437080312,0.9301311422268465
1.1542923969824583,0.936949397545207
1.1545929391436647,0.9367844493162288
1.135207280258681,0.9533210748256112
1.12722940680908,0.9570481963251398
1.1285019990311436,0.9522822663740842
1.1340392918459752,0.9440538440253357
1.1367500255367586,0.9388588250494686
1.1346739102934031,0.937086156224949
1.1235290428654248,0.946883599023885
1.1205753902420443,0.9492936667736902
1.1224794715128072,0.946449227407916
1.129311117817213,0.9381910561793774
1.1379626190145886,0.929725726443736
1.152701644332856,0.916845592000617
1.1625433587625271,0.9072448660100816
1.1590785307451543,0.9105042517493108
1.1609882110467449,0.9106282775267922
1.1630964012141953,0.9082803389377708
1.1745216217705272,0.8949669890078226
1.180098728312616,0.8858413684420211
1.1700912327312016,0.893385679992586
1.1591019845708272,0.9012238457117598
1.1444721584811262,0.9090085708613084
1.12768651307636,0.9218299782955266
1.1069380590985816,0.9375733028630874
1.1025764433094478,0.9363049424027547
1.0997896176306678,0.9360026722980636
1.1083123381433586,0.9272546540629119
1.117416180902326,0.9193824459844956
1.1117896066314907,0.9259290085654176
1.1048909352503906,0.9320918269825406
1.0880223194836007,0.946646952301684
1.0827664436823554,0.9471395713822184
1.076843816660405,0.9525505684737876
1.0747910791782882,0.9542671790801384
1.0705366112312,0.9565145325607068
1.0646153657037796,0.9610729691403544
1.0696018823720728,0.9575251233937474
1.076708561941218,0.9531665690303532
1.0757710174073507,0.959003227164288
1.0870913331286203,0.9505387255411136
1.0883426613151324,0.9521696993387866
1.0843158314869552,0.9600194922378918
1.0694763427485348,0.9765904763362452
1.0628107170034433,0.9858738830797182
1.0683222766504414,0.9814866546854978
1.0714410818795357,0.9778503657235632
1.0692275172715373,0.9750814521044312
1.0695947351112656,0.9707026664407392
1.0569002037230029,0.9753073406987236
1.047945335970469,0.9755483496898708
1.0453865819243304,0.9710538217333552
1.050092425116963,0.9601101260179586
1.0506204067789575,0.9554960580953008
1.0441031954210915,0.9555538639565716
1.0351921847434264,0.9589375408654118
1.019788634634006,0.9653158704127648
1.0192149815840934,0.9574931854856414
1.0214556512190092,0.9515669975079742
1.0245031316634972,0.9450368646160312
1.0280404767771916,0.9418001829606883
1.0237748646035763,0.9448902061770388
1.0219118489959926,0.9470546289973006
1.0151129175624047,0.9542019834063016
1.0196281424271267,0.9524354295955842
1.0154062427431818,0.9574672058356845
1.0154382414529295,0.957714801692452
1.0148207825643871,0.9588001792760784
1.016344317784873,0.9587406791762466
1.0182579718123048,0.9581350082453683
1.0178074652471751,0.9626813420930792
1.0201574308579715,0.9647389827456044
1.026204881246547,0.9626995920678733
1.0286251089452545,0.9660725257191864
1.03316279577499,0.9640362093038712
1.0256063269720228,0.9773774330442148
1.0288097116314687,0.9784961257624984
1.0429063888856183,0.9681188592456318
1.050376996894851,0.9642909453312376
1.0516144241576757,0.9659451120009032
1.0628371294943486,0.9568253098287636
1.0657099365247504,0.9536816169317598
1.0642170841691367,0.9566340723094388
1.0750579814634091,0.9477427438931624
1.080582760132606,0.943881390827038
1.089726417330344,0.9360868484353368
1.0836702540769978,0.9438253613458494
1.0683202053586744,0.958028270757155
1.0626578331607863,0.9630660902592376
1.060134811876654,0.9616462778482548
1.0602625486629031,0.9542198061557912
1.0517616050092033,0.9558961039137436
1.0413992547377227,0.9598117245329784
1.0439622681285579,0.9502920277891737
1.0319466441914773,0.9571561893769556
1.0259581663096549,0.95865562564662
1.0273525981588452,0.95307410397217
1.0252509214662529,0.949724039784434
1.0257320144627051,0.9461167611221112
1.0211256571171348,0.9477186619249705
1.0197922739855267,0.945397768137581
1.0174566304699406,0.9465749413567772
1.0078823199106302,0.954366614096644
1.0105017038936257,0.9503612463098634
1.012913957029462,0.9454094298905747
0.999338016777139,0.95428763193061
0.9843222000618054,0.9650374878256048
0.9802145954874306,0.9651589012929436
0.9667050467098498,0.9754800688600368
0.9553683611161456,0.9847240410906712
0.9457121767069212,0.9919220058303034
0.946978762326601,0.9857283233866277
0.9479357180275216,0.9797139844090796
0.9463663018183363,0.9770129818770614
0.9354191638831848,0.9813341358740436
0.9241876440189648,0.9876454448580448
0.9323579968595888,0.9744584702793868
0.9394752096252894,0.963659571143839
0.939637967048748,0.9623501679162532
0.941341318700861,0.9623825516148288
0.9480683516242726,0.9556023734923988
0.9430804633404136,0.960895455053092
0.925531523456426,0.9783344008924696
0.925972060898628,0.979044960233271
0.9413429725378932,0.9646155275140836
0.9519767849843916,0.9542924448082506
0.9577174311759032,0.9479048262966964
0.9662461194991792,0.9414917516506512
0.971407011263376,0.940155169213133
0.9762838503399686,0.9385653844438168
0.988196807912642,0.9332289698897832
0.9945030690020816,0.9323232430093118
1.0047080329883848,0.927704228056074
0.9918234342363664,0.9448133539685666
0.9911752727015246,0.9497412095769904
0.9996629424969204,0.9489981934353818
1.0055642680900632,0.950157733689634
1.007326463598336,0.9506486345140606
1.011234882679028,0.9481214765043966
1.0084510801101003,0.95297804014547
1.0068503949361114,0.9584490252838808
1.012428040671452,0.9564244927390704
1.006930397467975,0.9639571394639131
1.010905820353709,0.9630779547559628
1.0205965405859243,0.9565449715302216
1.0313199609268615,0.9468533073620514
1.031861100842889,0.9459476904404528
1.0435844219301291,0.9367451214069844
1.0528322744725402,0.9286454456741106
1.0563004533249087,0.927525755324594
1.051634888706808,0.935021303710664
1.04805901459989,0.941011634100737
1.056310416416996,0.9386407250770936
1.0579710055149882,0.9415718968724994
1.0566967606043445,0.9458528335993096
1.058770127129535,0.9495308733426384
1.0565608146811163,0.9593705779437268
1.0585453402674554,0.9680154545238612
1.0603134388997288,0.9756247606018342
1.0661841535914287,0.9762790489114606
1.0580315086210659,0.9912025102745968
1.0511974618240583,1.0035911280490648
1.048684874800692,1.0129896515129635
1.0557474138420335,1.0142673827062703
1.0544349915276774,1.023554470228452
1.0567986581574091,1.0263568730923744
1.063242394599899,1.0260223062015779
1.067288524920564,1.0234147686986923
1.0805790318259074,1.0124102791204113
1.102130656238682,0.9933510401527472
1.1044936766502167,0.9926867370017978
1.1048760940949447,0.9907622773299134
1.1032077711342136,0.9917613833593236
1.1137652853969215,0.9810260186205774
1.1080857075423047,0.984534253612708
1.1005264063493678,0.989833028870811
1.1005250690967678,0.987527835942827
1.1005854250957459,0.9876726466698306
1.1034349200989173,0.984484378966846
1.1019119689457153,0.9859815070457858
1.1011476278485195,0.9886329923178943
1.1000730822915583,0.9929539589056426
1.0988391561580926,0.9973673349149939
1.090978044056514,1.0084447641797916
1.0846466842931377,1.0184479037857537
1.081414327639947,1.0236417322602882
1.085737689597528,1.0198272615600743
1.0909333022258094,1.0157004992528276
1.0959944046431118,1.0093853565186872
1.0962517192782513,1.0092865013234071
1.087828074082231,1.015763802516199
1.0907873786360989,1.0109927721625178
1.0775092385803728,1.0181553055033714
1.06390148516558,1.0272219590811151
1.0548365156184538,1.0320508729319293
1.0525893080948274,1.0288579794464292
1.0435830071747354,1.035472373132194
1.0323750387489548,1.0459712029825032
1.0362507552507072,1.0385452693596569
1.0363920377305347,1.036681831876774
1.0409324057766975,1.0324626643447143
1.045298246068278,1.0268564810398944
1.0481889285923687,1.0203126425697981
1.0492594906790036,1.0157020126772736
1.0416756491285855,1.0199965565064213
1.0385237281880304,1.0197816802786686
1.0371840248730089,1.0184729148027036
1.0338878138939689,1.0195184522066958
1.0431057414835254,1.0098607173561756
1.0446588355044746,1.0103564125254327
1.058693862146412,1.0013291098039208
1.0663011577232142,0.9964870145431834
1.0640456894594046,1.0057715026731424
1.057615137473246,1.0188742285178303
1.0508847683362554,1.0308593314239278
1.0501813250919565,1.0346579744518931
1.0479303326110398,1.0397056262299191
1.0464668272137077,1.0381728250307092
1.049781988978808,1.0299353528659774
1.03692316158226,1.0374928827887908
1.034556373776327,1.0363255349912768
